ParticipantID,FirstName,LastName,Gender,Department,Age
123456789,Demo,Demo,Male,Male,30
1,a,b,Female,Software Engineering,2
123456789,Demo,Demo,Male,Software Engineering,30
123456789,Demo,Demo,Male,Software Engineering,30
123456789,Demo,Demo,Male,Software Engineering,30
123456789,Demo,Demo,Male,Software Engineering,30
123456789,Demo,Demo,Male,Software Engineering,30
123456789,Demo,Demo,Male,Software Engineering,30
123456789,Demo,Demo,Male,Software Engineering,30
123456789,Demo,Demo,Male,Software Engineering,30
123456789,Demo,Demo,Male,Software Engineering,30
123456789,Demo,Demo,Male,Software Engineering,30
123456789,Demo,Demo,Male,Software Engineering,30
123456789,Demo,Demo,Male,Software Engineering,30
123456789,Demo,Demo,Male,Software Engineering,30
123456789,Demo,Demo,Male,Software Engineering,30
123456789,Demo,Demo,Male,Software Engineering,30
123456789,Demo,Demo,Male,Software Engineering,30
123456789,Demo,Demo,Male,Software Engineering,30
123456789,Demo,Demo,Male,Software Engineering,30
123456789,Demo,Demo,Male,Software Engineering,30
123456789,Demo,Demo,Male,Software Engineering,30
123456789,Demo,Demo,Male,Software Engineering,30
123456789,Demo,Demo,Male,Software Engineering,30
123456789,Demo,Demo,Male,Software Engineering,30
123456789,Demo,Demo,Male,Software Engineering,30
123456789,Demo,Demo,Male,Software Engineering,30
123456789,Demo,Demo,Male,Software Engineering,30
123456789,Demo,Demo,Male,Software Engineering,30
123456789,Demo,Demo,Male,Software Engineering,30
123456789,Demo,Demo,Male,Software Engineering,30
123456789,Demo,Demo,Male,Software Engineering,30
123456789,Demo,Demo,Male,Software Engineering,30
123456789,Demo,Demo,Male,Software Engineering,30
123456789,Demo,Demo,Male,Software Engineering,30
123456789,Demo,Demo,Male,Software Engineering,30
123456789,Demo,Demo,Male,Software Engineering,30
123456789,Demo,Demo,Male,Software Engineering,30
123456789,Demo,Demo,Male,Software Engineering,30
123456789,Demo,Demo,Male,Software Engineering,30
123456789,Demo,Demo,Male,Software Engineering,30
123456789,Demo,Demo,Male,Software Engineering,30
123456789,Demo,Demo,Male,Software Engineering,30
123456789,Demo,Demo,Male,Software Engineering,30
123456789,Demo,Demo,Male,Software Engineering,30
123456789,Demo,Demo,Male,Software Engineering,30
